id,date,text,user,location,geo,place,friends_count,followers_count,favorite_count,retweet_count,hashtags
1410017260299689988,2021-06-29 23:28:06,b'@Gigz Halo Infinite will be the death of D2 PVP if they don\xe2\x80\x99t get something going.',b'FurianEh',b'Canada',,,177,11,0,0,[]
1410016762335305728,2021-06-29 23:26:07,b'Played some halo today for the first time in forever. Was fun but have t decided which game I wanna grind more to g\xe2\x80\xa6 https://t.co/4TydxDc1wx',b'suddoth1',b'Pennsylvania',,,15791,18058,2,0,[]
1410016606688845833,2021-06-29 23:25:30,"b""I just found out that Halo Infinite will not have RvB multiplayer.\n\nThat means we'll be able to just see everyone's\xe2\x80\xa6 https://t.co/PDerOfM1N5""",b'SilentHillDude',"b'Chicago, IL'",,,333,593,1,0,[]
1410015681026965508,2021-06-29 23:21:49,"b""@ApollosMission After Cold War's lifespan is up later this year, I'm moving to Halo Infinite! Probably a better cho\xe2\x80\xa6 https://t.co/8zQ1dKMpxn""",b'BlubrryH20melon',b'The Void',,,238,18,1,0,[]
1410015200279924743,2021-06-29 23:19:55,b'I had a random desire to play Halo Infinite today and I\xe2\x80\x99m disgusted with myself \xf0\x9f\xa4\xa2',b'SirSiege',b'Central New Jersey',,,390,640,0,0,[]
1410014563437891586,2021-06-29 23:17:23,"b'@WorldsXbox Halo 5 Guardians. First playthrough, getting ready for Infinite!'",b'HobbyPlanet_',b'',,,72,21,0,0,[]
1410013049365299203,2021-06-29 23:11:22,b'@XboxWins1 Exactly! Episodic SP games such as AC Creed Series make a lot of sense for #XboxGamePass. To get all the\xe2\x80\xa6 https://t.co/r1BVPWJfNx',b'ElrondGaming',b'Canada',,,456,292,1,0,"[{'text': 'XboxGamePass', 'indices': [86, 99]}]"
1410012716702568450,2021-06-29 23:10:03,"b'NEW VIDEO!\n\nHalo Infinite Beta is coming sooner then you think\n\nIf you guys enjoyed it, drop a like or if you haven\xe2\x80\xa6 https://t.co/IdPyyUJ6JD'",b'Keys_eG',"b'Winnipeg, Canada'",,,428,345,0,0,[]
1410012339823337478,2021-06-29 23:08:33,"b""In all seriousness \nI'm pretty fuckin pumped for Halo Infinite but don't worry about me keeping this pfp for long\nI\xe2\x80\xa6 https://t.co/jmlimg0OnP""",b'That1HaloNerd',b'Delta Halo',,,3974,358,1,0,[]
1410011680675962880,2021-06-29 23:05:56,"b""@GameSpot Don't matter to me. Games like halo infinite, forza 5, and stalker 2 will keep me busy""",b'CHRISTO76981380',b'',,,56,4,0,0,[]
1410011592184455173,2021-06-29 23:05:34,b'@mysterywinterfx Gotta get prepped to see Halo Infinite Chief booty in 4k lol https://t.co/yvMRv4QMKr',b'That1HaloNerd',b'Delta Halo',,,3974,358,1,0,[]
1410011462374932481,2021-06-29 23:05:04,"b""The recent Inside Infinite article has specific wording on the future of your Spartan's future in the narrative.\n\nW\xe2\x80\xa6 https://t.co/5PQ9Qqyxsp""",b'sacrediconpod',b'',,,987,6555,14,2,[]
1410011187434201088,2021-06-29 23:03:58,b'Did someone say Halo Infinite flight? Oh....next time then.... | Halo 5 | !hype !dance !crabs  https://t.co/O3wSfIZcjm',b'SpartanBoomer',b'',,,253,69,0,0,[]
1410010260656562181,2021-06-29 23:00:17,b'Halo Infinite may not have a release date yet because it is waiting on other games\n\nhttps://t.co/Vt0gowCq4t https://t.co/UDpUHzd11g',b'joeriwagner',b'Nederland',,,81,97,0,0,[]
1410010160806961159,2021-06-29 22:59:53,"b""I stg if Master Chief isn't shown some lights to look at and asked if he wants his controls inverted at the start of Halo Infinite, 0/10""",b'wisereddragon',"b'Cape Cod, United States'",,,860,500,3,0,[]
1410010138619039745,2021-06-29 22:59:48,b'@TheShyway I\xe2\x80\x99ve never payed this much attention to detail when playing halo multiplayer.. but you provide so much i\xe2\x80\xa6 https://t.co/pXzGhZE946',b'jgleason45',b'United States',,,472,40,1,0,[]
1410009774872313861,2021-06-29 22:58:21,b'@TheShyway is already breaking down Halo: Infinite gameplay before we\xe2\x80\x99ve seen a full game. This is the shit I like\xe2\x80\xa6 https://t.co/ORaDlgvF4Q',b'koganly',"b'Manchester, CT'",,,222,116,0,0,[]
1410009470202257414,2021-06-29 22:57:09,b'\xf0\x9f\x94\xa5Check Out a New Ep. Of AGS LIVE RIGHT NOW\xf0\x9f\x94\xa5\n\nHalo Infinite | Derek Chauvin Sentenced | PS5 Sales Expected To Skyroc\xe2\x80\xa6 https://t.co/JBpvWUdbVb',b'hard8_times',"b'Bethlehem, GA'",,,599,2607,4,1,[]
1410009323728687105,2021-06-29 22:56:34,b'@CaraMachete @okhvii @laker_real @GameSpot Flight simulator.\nPhysocanauts 2\nForza 5\nHalo infinite\n12 minutes\nScorn\xe2\x80\xa6 https://t.co/V6vaxdTL3O',b'marvino88790776',b'',,,35,3,0,0,[]
1410009252937146379,2021-06-29 22:56:17,b'@PretzelJones @donfazelasheem @AEGRO_84 Kind of like crackdown 3 was delayed to make it the best game? Or that BS w\xe2\x80\xa6 https://t.co/PvSEMPJNx4',b'garyvan1968',b'',,,120,7,0,0,[]
1410008863290626051,2021-06-29 22:54:44,"b'Holding on to a powerup in Halo Infinite is a great advantage, if you can safely acquire one. \n\nThe added risks her\xe2\x80\xa6 https://t.co/IHt3FlYGoo'",b'TheShyway',"b'Toronto, Ontario'",,,1534,6857,43,2,[]
1410008699305971712,2021-06-29 22:54:05,b'@GIGGLECORP Halo Infinite is going to be bad and everyone over hyping it is just going to create another Cyberpunk.',b'anna_sfw',b'',,,628,47,0,0,[]
1410007825691021314,2021-06-29 22:50:36,b'The Mark VII helmet looks absolutely gorgeous! It is my favorite helmet made by 343. It\xe2\x80\x99s the perfect blend of both\xe2\x80\xa6 https://t.co/gNXAtngXxD',b'MB_AngelOfDeath',b'Reach',,,565,391,1,0,[]
1410007769160327171,2021-06-29 22:50:23,"b""@danchriswill I've actually seen a lot on this and it's really really really on my radar. It was a contender for my\xe2\x80\xa6 https://t.co/HqNMvHVtUv""",b'joeysisco',"b'Halifax, Nova Scotia'",,,554,900,1,0,[]
1410007196440485888,2021-06-29 22:48:06,b'@xMBGx You know what things is big? Your bank account with the money you saved from subscribing to Game Pass. Start\xe2\x80\xa6 https://t.co/wqTfdi6AO3',b'Rayman1024u',b'',,,60,48,2,0,[]
1410006583107543044,2021-06-29 22:45:40,b'Personally I would love to see a firefight like game mode appear in Halo Infinite...',b'LegacyEleven',"b'London, UK'",,,133,546,1,0,[]
1410006020269686791,2021-06-29 22:43:26,"b'Wild how all the new UNSC guns in Halo 4 are stellar\n\nThe SAW, the Sticky Detonator, the fucking R A I L G U N\n\nAll\xe2\x80\xa6 https://t.co/hd15K5WWqM'",b'DumbCerb',b'\xe3\x83\x98\xe3\x82\xbd\xe3\x81\xa7\xe3\x82\x82\xe5\x99\x9b\xe3\x82\x93\xe3\x81\xa7\xe6\xad\xbb\xe3\x82\x93\xe3\x81\x98\xe3\x82\x83\xe3\x81\x88\xe3\x81\xb0\xe3\x81\x81?',,,1758,2421,7,1,[]
1410005927722426374,2021-06-29 22:43:04,b'@GAMEOVER_Gow1 @llMr3z Halo the infinite sleeping',b'Abdulrahman0Qa',b'Qatar',,,81,46,1,0,[]
1410005925159702531,2021-06-29 22:43:03,b'@j1991_david @GamingTwic @TPorgan @GameSpot Halo Infinite will have a full campaign at launch. It will be fantastic\xe2\x80\xa6 https://t.co/76rVev1cil',b'Misanthrope1231',b'',,,259,30,1,0,[]
1410005517691465729,2021-06-29 22:41:26,b'@XboxSoftmodKit Halo: combat is infinite',b'alchanqo',b'Zeta halo',,,91,21,0,0,[]
1410004741325824001,2021-06-29 22:38:21,"b'Halo Infinite is gonna be special, honestly can\xe2\x80\x99t wait'",b'Hours203',"b'Connecticut, USA'",,,572,663,2,0,[]
1410003379754000388,2021-06-29 22:32:56,b'Check it out. \nNew video playing Halo Infinite.. in Halo 5\nhttps://t.co/P9iHWAIVLV https://t.co/KpMtjrWD7E',b'RapscallionHalo',b'',,,434,527,2,0,[]
1410002633117650949,2021-06-29 22:29:58,b'@BigRobEnergy @Halo True. The younger audience that comes from TikTok is just so unaware of the greatness of Halo \xf0\x9f\x98\x82\xe2\x80\xa6 https://t.co/JWwuBjxlar',b'iamrobtv',"b'Mobile, AL'",,,35,27,1,0,[]
1410002196972851204,2021-06-29 22:28:14,b'@MrBeast https://t.co/lMKHFmP1k6. I make Pok\xc3\xa9mon go content and used to do Rubik\xe2\x80\x99s cube videos. Check it out if you\xe2\x80\xa6 https://t.co/5FZ378vX1x',b'rubiksguy',b'',,,312,147,0,0,[]
1410002148402757634,2021-06-29 22:28:03,b'Halo Infinite VR May Be Coming As 343 Hires Halo VR Mod Maker https://t.co/ToM4O0soHI',b'2021Rcfc',b'',,,1947,1056,0,0,[]
1410002140827951109,2021-06-29 22:28:01,"b'@MaxK1989 @davidscottjaffe Halo Infinite, Flight Sim, and Forza Horizon 5 are all AAA games games coming out in 2021.'",b'PullnPray',b'',,,466,86,1,0,[]
1410001215333797895,2021-06-29 22:24:20,"b""@JackaryDraws I'm playing Fire Emblem Echoes, looking forward to Halo Infinite and I'm planning on making my lights\xe2\x80\xa6 https://t.co/qcf0WwZKLv""",b'TheAshenJedi',"b'New York, USA'",,,170,37,0,0,[]
1409999985328984067,2021-06-29 22:19:27,b'@Cody_Dragon @CVUMwood I will definitely be somewhere for Halo Infinite launch AND expect a COFC LAN next spring',b'jamaican116',"b'Charleston, SC'",,,988,1773,3,0,[]
1409999486965923846,2021-06-29 22:17:28,b'@LORDOFSUCC1 @mrgruntington Blocked me too lmao. He loves to spout his opinion about how Infinite is pandering to c\xe2\x80\xa6 https://t.co/STMLWtNAVZ',b'Guriinman',b'Tokyo 3',,,218,74,1,0,[]
1409998353413414916,2021-06-29 22:12:58,"b""@Halopedia I think we'll see this version in Halo infinite""",b'Jaimeicefire177',"b'Bogot\xc3\xa1, D.C., Colombia'",,,2148,115,0,0,[]
1409998177302892547,2021-06-29 22:12:16,b'- Back4Blood\n- Forza Horizon 5\n- The Ascent\n- LiF: True color\n- 12 minutes\n- Hades\n- MS Flight Simulator\n- Psychona\xe2\x80\xa6 https://t.co/f4DPw5lzmo',b'SwanNoble',b'France',,,158,229,3,0,[]
1409996649095745538,2021-06-29 22:06:12,"b'@Harry101UK Man, I would LOVE to have this sort of tool in @Halo Infinite\xe2\x80\x99s forge mode! @DavidEllis @pardontomfrench @ske7ch @k_wolfkill'",b'HaloFanForLife',"b'Pittsburgh, PA'",,,793,1914,1,0,[]
1409996547731996676,2021-06-29 22:05:48,b'@ShittyHaloTakes Well halo 5 is an abomination an that is just a fact. Halo infinite is way closer to my idea of halo than guardians.',b'TheROFLCOPTER2',b'Imperium Romanorum.',,,90,17,0,0,[]
1409996340625645574,2021-06-29 22:04:58,b'halo infinite is never coming out',b'SIightIySusTy',b'\xf0\x9f\x97\x9d',,,136,59,0,0,[]
1409995595025207296,2021-06-29 22:02:00,b'@TheSimms I completely forgot about that. Honestly I only played Halo 5 for a few months after the game came out an\xe2\x80\xa6 https://t.co/2WsK5BLVET',b'ElitheSensei',b'Virginia Beach',,,680,1337,0,0,[]
1409995530671996930,2021-06-29 22:01:45,"b'@castelarbr @mzkjnky80 @_SomeMexicanBoi oh and flight sim, the ascent, halo infinite, forza horizon 5, and other gr\xe2\x80\xa6 https://t.co/Qy2M3NS8eP'",b'kaimlefig',b'Paris',,,156,37,0,0,[]
1409993537903480834,2021-06-29 21:53:50,b'@DrewskysChannel Looking forward to Infinite and playing with the whole Halo sandbox. Dropped into MCC and could on\xe2\x80\xa6 https://t.co/1Ft54mSvha',b'xRookXI',b'',,,1262,209,0,0,[]
1409992702377312256,2021-06-29 21:50:31,"b'""Yo, I got a genius idea. Let\'s sell Halo Infinite as two separate games (something that makes no sense) so that wh\xe2\x80\xa6 https://t.co/z49NxO8EOV'",b'39BraveGirls',b'She?',,,782,246,0,0,[]
1409991966696382470,2021-06-29 21:47:35,"b""I'm gonna wait for a price drop on this one. $70 for a MP game only title when Halo Infinite is fucking free around\xe2\x80\xa6 https://t.co/AmyXW9NNDm""",b'FailedPyro',"b'Bronx, NY'",,,958,1438,0,0,[]
1409990675966435329,2021-06-29 21:42:28,"b""@6thGenSS @davidscottjaffe I'm pretty sure halo infinite budget was near a billion""",b'Mjolnirjarbjor1',b'',,,131,2,0,0,[]
1409990671591673860,2021-06-29 21:42:27,b'\xe2\x9a\xab\xef\xb8\x8fWE ARE LIVE! @Halo Infinite Prep! PvP and Fire Fight! IM GIVING AWAY A RAZER KRAKEN ULTIMATE HEADSET WHEN WE REAC\xe2\x80\xa6 https://t.co/4mAlXPB0y4',b'RobzDomain',b'',,,190,144,0,0,[]
1409989019216269315,2021-06-29 21:35:53,"b""@davidscottjaffe I do wonder if it is the reason there aren't as many AAA games exclusive to Xbox though.  That's a\xe2\x80\xa6 https://t.co/sO11D28IBg""",b'MaxK1989',b'United States',,,269,193,0,0,[]
1409988058758402049,2021-06-29 21:32:04,"b""@ShittyHaloTakes I ADORE Halo 5's MP but I feel like Infinite's will toss 5's MP in the TRASH""",b'GlowDonk',b'In the Dimensional Doorways',,,578,59,1,0,[]
1409987815186837512,2021-06-29 21:31:06,"b""@xninja64x I have one with the Halo Infinite marketing on it lmao. I'm going to try to keep it for as long as I can""",b'Not_AbbeyC',b'',,,284,413,0,0,[]
1409987135130701826,2021-06-29 21:28:23,b'@FoxA_R6 Don\xe2\x80\x99t worry Battlefield 2042 and Halo Infinite got your back in the fall',b'Braxton90869715',b'',,,51,2,1,0,[]
1409986107702493184,2021-06-29 21:24:19,b'Catch me with the boys making Halo: Infinite Machinimas',b'BlacklettersJr',b'United States',,,1786,688,8,3,[]
1409984909817548801,2021-06-29 21:19:33,b'@JustJinn Halo Infinite is a must.',b'chiselchase',b'',,,158,233,1,0,[]
1409984193476636675,2021-06-29 21:16:42,b'Do you think Halo: Infinite should have an in-depth pinging system similar to Apex Legends? Or is there an argument\xe2\x80\xa6 https://t.co/Oj8aJ9uQe1',b'ElitheSensei',b'Virginia Beach',,,680,1337,40,0,[]
1409980105326313475,2021-06-29 21:00:27,"b'@AngelRsoto Honestly pretty excited to check out the free Halo: Infinite multiplayer, maybe itll make me invest in the campaign'",b'Uplynxx',"b'New York, US'",,,112,90,1,0,[]
1409978993575710723,2021-06-29 20:56:02,"b""Halo Infinite's First Multiplayer Season Will Be Themed Around Reach\n\nhttps://t.co/1sUTSnurEU https://t.co/Dw2gFDHX1p""",b'ezdlc',b'',,,0,846,0,0,[]
1409978648619323397,2021-06-29 20:54:40,b'@maddd1ZZ3 It\xe2\x80\x99s mainly just adding halo 7 through 10 into infinite and updating multiplayer accordingly',b'Sliverwurst',b'',,,516,64,0,0,[]
1409978458327891986,2021-06-29 20:53:55,b'Halo Infinite Saison 1 s\xe2\x80\x99appellera \xc2\xab\xc2\xa0Heroes of Reach\xc2\xa0\xc2\xbb | Xbox One - Xboxygen - https://t.co/gcoIA8BeZ8 by\xe2\x80\xa6 https://t.co/hyoXgd5fRW',b'ChefPhileas',b'Trois-Rivi\xc3\xa8res Qu\xc3\xa9bec ',,,2150,1958,0,1,[]
1409978151980212230,2021-06-29 20:52:42,"b'@ChiefAgainstKpo For you, The Slayer, Jugs and Halo Infinite. https://t.co/mRiKQtycu0'",b'BF2042OF',b'',,,442,207,1,0,[]
1409977660369944576,2021-06-29 20:50:45,b'@MrLightningVolt It\xe2\x80\x99s more so halo 7 through whatever will all be under halo infinite. And the multiplayer will be warzone but halo',b'Sliverwurst',b'',,,516,64,0,0,[]
1409977026103107601,2021-06-29 20:48:13,b'@KungTroll @KirkRooster Meanwhile Forza is 30fps with no Ray Tracing.\nThe Medium 756p 22fps and minimal if any Ray\xe2\x80\xa6 https://t.co/5N74SpnPN6',b'TruGiffers',b'',,,920,2257,2,1,[]
1409976627036106752,2021-06-29 20:46:38,b'I want to play halo infinite',b'poopy_cheeks',b'',,,144,21,2,0,[]
1409976354523734022,2021-06-29 20:45:33,"b""@JackaryDraws \xe2\x80\xa2I've been playing a lot of Final Fantasy XV lately \n\n\xe2\x80\xa2I'm excited for RWBY Volume 9 and Halo: Infini\xe2\x80\xa6 https://t.co/ZaBxwm6BYc""",b'tronmaster5704',"b'Michigan, USA'",,,778,55,0,0,[]
1409975789723000835,2021-06-29 20:43:19,b'@JackaryDraws I\xe2\x80\x99ve spent the last several months going through the entire mainline Yakuza series. I just recently f\xe2\x80\xa6 https://t.co/tT8BDKkDJj',b'RandomIncubus',b'',,,463,466,0,0,[]
1409975754172084228,2021-06-29 20:43:10,"b""@AnchorMcDaddy It says Mjolnir. Isn't this the new updated armor that The Master Chief is gonna wear in HALO INFINITE?""",b'goangino',b'Planet Earth',,,23,3,1,0,[]
1409975483022811136,2021-06-29 20:42:05,"b'@Gamer_soldier21 @Dasmesee1 @DepletedBroklyn You do know Halo Infinite, Forza Horizon 5, Flight Sim, CrossfireX, Ps\xe2\x80\xa6 https://t.co/mnZRc4VIP8'",b'DausenMoore',b'',,,90,42,0,0,[]
1409975326248034307,2021-06-29 20:41:28,"b""@MrRocKeTZ @PlayStation @Housemarque We got multiple AAA exclusives dropping this Holiday so we're good! Can't say\xe2\x80\xa6 https://t.co/9A3QvJuYME""",b'Wael71595751',b'',,,78,27,1,0,[]
1409975136317546497,2021-06-29 20:40:43,b'WHERE LIVE GRINDING HALO MCC TILL THE RELESE ON HALO INFINITE \xf0\x9f\x98\x88 GET DOWN HERE!\n\nhttps://t.co/csnYMM78dk\xe2\x80\xa6 https://t.co/wWOiUvl3cO',b'Riftxn',b'Cherrytown High',,,355,264,2,0,[]
1409974970466381825,2021-06-29 20:40:03,"b""@MrBeast Yo, I'm Patman a Halo news channel that focuses on Halo Infinite and MCC. Aspiring to be one of the big ti\xe2\x80\xa6 https://t.co/toZHPVbbXu""",b'ThePatmanGaming',b'North Carolina',,,609,847,1,1,[]
1409974775749877771,2021-06-29 20:39:17,b'@AnchorMcDaddy @LateNightHalo Can\xe2\x80\x99t wait to see what it looks like in halo infinite!',b'Kiezly1',"b'Los Angeles, CA'",,,891,278,1,0,[]
1409973974696615943,2021-06-29 20:36:06,b'THIS IS WHAT INFINITE HOURS OF HALO LOOKS LIKE https://t.co/i7zc7pKQ5P',b'meatcleaveCE',b'',,,523,37,0,0,[]
1409973876692508676,2021-06-29 20:35:42,b'@haveyouseen01 1. Halo infinite\n2.dyinglight 2\n3.Elden ring \n4. Battlefield 2042\n5.DeathLoop',b'KafkaKaiju',b'',,,53,15,2,0,[]
1409973716788858880,2021-06-29 20:35:04,"b'@bigthangs510 @The_CrapGamer Want to make a bet? Dates are bs, just like God of War, Halo Infinite and COUNTLESS ma\xe2\x80\xa6 https://t.co/8ibq2quKgO'",b'CrapParody',b'',,,204,41,0,0,[]
1409973348487024642,2021-06-29 20:33:36,b'More Halo Leading Up To Infinite https://t.co/w9udBEtyCm',b'N0rsemen_Gaming',b'United Kingdom',,,1321,283,0,0,[]
1409972210391949312,2021-06-29 20:29:05,"b""1. Halo Infinite\n2. Psychonauts 2\n3. Back 4 Blood\n4. Atomic Heart\n5. Death's Door https://t.co/Ds6a4n079p""",b'MikeSzoke',b'',,,336,669,1,0,[]
1409972195799994377,2021-06-29 20:29:02,b'@BetrayskiRAGA @RoyRelapse @EuropaHalo On halo infinite i will do damage to all in EU',b'Fable_fps',"b'Haarlem, Netherlands'",,,778,1206,2,0,[]
1409971337276264448,2021-06-29 20:25:37,"b'@TAFKAB2 for me it\xe2\x80\x99s about consistency, some people enjoy infinite games like that, others don\xe2\x80\x99t, but it is what it\xe2\x80\xa6 https://t.co/gFt9TNU7jq'",b'maddd1ZZ3',b'Canada',,,273,105,0,0,[]
1409971243164614658,2021-06-29 20:25:15,b'@NoahJOsborne And Halo Infinite is running away with it. But I thought Halo was dead? \xf0\x9f\xa4\x94\xf0\x9f\xa4\xad',b'InJEVONweTrust',b'Solo dolo like a mofo',,,340,247,1,0,[]
1409970896840835073,2021-06-29 20:23:52,b'@GVirus78 @UberNick_ Yeah and Staten did a amazing job with the Halo games so Halo Infinite can be better then we thought.',b'jason35226',b'Sweden ',,,390,252,0,0,[]
1409970469177106439,2021-06-29 20:22:10,"b""@lFibreOpticl @abedarabiat87 @mr_stormzy @TinyRakan @PlayStation @Housemarque MSFT doesn't have any good game you d\xe2\x80\xa6 https://t.co/Yw0uyfHJWk""",b'Soulz11550190',b'',,,42,4,0,0,[]
1409969885837398018,2021-06-29 20:19:51,b'@Gigz Doesn\xe2\x80\x99t matter at this point. It will be ignored when Halo infinite comes out.',b'RavageSilverado',b'',,,90,14,0,0,[]
1409969226694107137,2021-06-29 20:17:14,"b""@XboxP3 honest question: I'd really love to get my hands on an #XboxSeriesX, but it's been a real battle since laun\xe2\x80\xa6 https://t.co/UUOZ8ZEv1K""",b'TheAJRamirez',"b'Los Angeles, CA'",,,978,221,0,0,"[{'text': 'XboxSeriesX', 'indices': [63, 75]}]"
1409969177289543682,2021-06-29 20:17:02,"b'Halo Infinite may split its story up into ""campaign passes""\n\nhttps://t.co/WiATQh0hJ6 https://t.co/zXt4pcZHgp'",b'ezdlc',b'',,,0,846,0,0,[]
1409969088756072455,2021-06-29 20:16:41,"b'@HalolnfiniteOF ""Based Halo Infinite"" https://t.co/Im5T9gUFPz'",b'RealJerome092',b'Stalingrad ',,,87,107,2,1,[]
1409969068883464198,2021-06-29 20:16:36,"b'@EuropaHalo yes, can be halo infinite beta cup'",b'peterben561982',b'',,,478,15,1,0,[]
1409968537641365511,2021-06-29 20:14:29,b'@haruspis I thought for a split second this was a Halo Infinite leak due to the grapple and was shocked the violent direction Halo took.',b'Wizman23',b'',,,288,48,1,0,[]
1409968527939977217,2021-06-29 20:14:27,b'@Foxy9x_ Oh and the Halo Infinite multiplayer',b'MrMafia319',"b'Marlow Heights, MD'",,,374,410,1,0,[]
1409966919466164226,2021-06-29 20:08:04,b'@infrarogue89 The Ascent\nDying Light 2\nAtomic Heart\nHalo Infinite\nScorn \nCrossfireX\nGunk\nPsychonauts 2\nFarCry 6\nBle\xe2\x80\xa6 https://t.co/gztggo5lV8',b'MTJ08172762',b'\xc4\x8cesk\xc3\xa1 republika',,,538,93,2,0,[]
1409966587965100032,2021-06-29 20:06:45,"b""@daicnau @IGN I know, can't wait for Halo Infinite and Starfield! Hoping for the best. \xe2\x9d\xa4\xef\xb8\x8f\xf0\x9f\x91\x8d""",b'opygam3r',b'',,,347,4297,4,0,[]
1409966153703649280,2021-06-29 20:05:01,b'@BigRobEnergy @Halo The boys and I have been playing halo 5. Waiting for infinite to come out',b'codypvh',b'Canada',,,747,222,1,0,[]
1409965576617869312,2021-06-29 20:02:44,"b""@Halo please please please tell me blood gulch will be making a return to Halo Infinite's multiplayer. Or if not wi\xe2\x80\xa6 https://t.co/uS0QoTjfcR""",b'Churchyboi13',b'',,,103,6,0,0,[]
1409965047577681921,2021-06-29 20:00:37,b'There are 139 days until the Halo Infinite launch.',b'HaloInfiniteETA',b'',,,3,4831,141,7,[]
1409964958302064646,2021-06-29 20:00:16,b'My new video; Five Concerns for Halo Infinite is live! Check it out below!\n\nhttps://t.co/lelz3Q6HMD\n\n#Halo\xe2\x80\xa6 https://t.co/2hxVwd1OYf',b'SmallPrintTV',"b'Nottingham, United Kingdom'",,,83,91,0,0,"[{'text': 'Halo', 'indices': [101, 106]}]"
1409964084938698753,2021-06-29 19:56:48,b'This week: The Road to Infinite - #Halo 4!\n\nNext month: The Road to Infinite - #Halo 5: Guardians!\n\nMany would appr\xe2\x80\xa6 https://t.co/swubxumYjT',b'InfiniteGrunt',b'',,,897,696,27,1,"[{'text': 'Halo', 'indices': [34, 39]}, {'text': 'Halo', 'indices': [79, 84]}]"
1409964022427000835,2021-06-29 19:56:33,b'@IronClawGaming @HamsterslayerP @XboxWins1 Id buy a custom series x. 2tb halo infinite+all future content included for $599 \xf0\x9f\x98\xac',b'justinmorgan57',b'Alabama ',,,1539,606,2,0,[]
1409963527511560194,2021-06-29 19:54:35,b'@haveyouseen01 Metroid Dread\nBack 4 Blood\nHalo Infinite\nNo More Heroes 3\nShin Megami Tensei V',b'CybernettX',"b'Rio Rancho, NM'",,,1345,309,0,0,[]
1409963463296700421,2021-06-29 19:54:20,b'Will be running an open lobby FFA tonight on the @Halo Infinite map from the multiplayer overview forged in Halo 5\xe2\x80\xa6 https://t.co/1hId5rbbMA',b'iRambeauTV',b'Apex / Halo / Creative',,,1745,463,1,0,[]
1409963016523857924,2021-06-29 19:52:33,b'@zackarya9272 @platinum719 @greenmoat Contraband\nFlight Simulator\nOuterworlds 2\nState of decay 3\nHalo Infinite\nForz\xe2\x80\xa6 https://t.co/yKJoLoETKx',b'LuisNau4',b'',,,457,48,2,0,[]
1409962219136290818,2021-06-29 19:49:23,b'@teft Halo Infinite needs to hurry up.',b'xMechanizex',"b'Clearwater, FL'",,,283,1216,2,0,[]
1409961417810272257,2021-06-29 19:46:12,"b'Such a neat mechanic they\'ve implemented into Halo Infinite.\n\n""Aim for the tires, aim for the tires!"" https://t.co/phg7IX4GiU'",b'GamingGreyGhost',b'YouTube',,,1509,6003,12,2,[]
1409961183843696648,2021-06-29 19:45:16,b'@NoahJOsborne Halo infinite easily',b'HaloGaming08',b'',,,270,140,0,0,[]
1409961114767708166,2021-06-29 19:45:00,b'I\xe2\x80\x99m geeking out so hard to the Halo Infinite reveal!\n\xe2\x80\xa2\n343 listened to the community and it makes me so happy \xf0\x9f\xa5\xb2\xf0\x9f\x98\xad\n\nhttps://t.co/IHtTCihxYI',b'ecstasy_92',b'',,,160,42,0,0,[]
1409960766665498625,2021-06-29 19:43:37,b'@Rider350z @CameronRitz @Jake_Randall_YT The ps5 I had since March 5th but I wanted to get the Xbox for halo infini\xe2\x80\xa6 https://t.co/Dr1Sm6SdTT',b'FromHawaii101',"b'Hawaii, USA'",,,13,0,0,0,[]
1409959324621938688,2021-06-29 19:37:53,b'@ShinobiNando Guess you will be on the new halo infinite. you on console or pc? or was cross play stated?',b'ionprimegamer',"b'North East, England'",,,816,1049,1,0,[]
1409958734235766788,2021-06-29 19:35:32,"b""Honestly can't wait for Halo: Infinite and Battlefield to come out already. Need me a PvP game bad.\n\nCold War sound\xe2\x80\xa6 https://t.co/7zmF7YR1Cx""",b'ilrathCXV',b'',,,2466,1109,0,0,[]
1409957600100335621,2021-06-29 19:31:02,b'Games I am looking forward to:\nAliens Fire Team\nDying Light 2\nEvil Dead The game\nBack 4 Blood\nReady Or Not\nHalo Inf\xe2\x80\xa6 https://t.co/uj8ic8zsMM',b'ionprimegamer',"b'North East, England'",,,816,1049,1,0,[]
1409957442289639438,2021-06-29 19:30:24,b'@AdamPohh Halo infinite and battlefield. Gonna be fun.',b'Jonathancstout',"b'Kansas City, MO'",,,159,512,0,0,[]
1409957265424084998,2021-06-29 19:29:42,"b'@S3NT1N3L17 That would be perfect you are right.  Kids get 2 week vacation, adults get time off, and no big release\xe2\x80\xa6 https://t.co/x47sq5tzmu'",b'mrVERSUSgamer',"b'California, USA'",,,337,228,1,0,[]
1409956780558503947,2021-06-29 19:27:46,b'Up till almost 1:30 AM last night playing @Halo and recording @haloinfinitepod w/ @Nightcrawlr724 @johniibo\xe2\x80\xa6 https://t.co/nunBHYZbH8',b'Theslatones',"b'Austin, TX'",,,895,1083,7,0,[]
1409956565059260418,2021-06-29 19:26:55,b'@haveyouseen01 1. Dying Light                                              2. Halo Infinite\xe2\x80\xa6 https://t.co/GnnqhgVmBs',b'Wheres_My_Bill',b'',,,42,26,2,0,[]
1409956516044709889,2021-06-29 19:26:43,b'@CrispsCold @mzkjnky80 @castelarbr @_SomeMexicanBoi GOW was phenomenal. Why compare games that arent the same genre\xe2\x80\xa6 https://t.co/yioyRjgLhN',b'hackandslashdad',b'',,,87,0,0,0,[]
1409956496289546245,2021-06-29 19:26:39,b'@BigRobEnergy @Halo You should really only play what you enjoy! Also halo infinite got me like https://t.co/1VTGEMGapS',b'RemmyLebo',"b'South Bound Brook, NJ'",,,157,1097,2,0,[]
1409955229290962944,2021-06-29 19:21:37,b'I put together my first ever theory crafting video over on my second YouTube channel where I cover @Halo Infinite.\xe2\x80\xa6 https://t.co/OZfimTQ3AH',b'MayorReynoldsTV',"b'Whitney Point, NY'",,,1340,2496,0,0,[]
1409954706542104577,2021-06-29 19:19:32,b'Been playing a lot of Halo 3 as of late and I\xe2\x80\x99m finally having fun gaming again. Shit has been stale for me for mon\xe2\x80\xa6 https://t.co/763SgTqKev',b'BigRobEnergy',b'',,,1561,8389,39,0,[]
1409954121566752769,2021-06-29 19:17:12,b'@XboxSoftmodKit Halo: Infinite Combat obviously',b'just_yugene',b'Installation 09',,,184,35,0,0,[]
1409952280951013390,2021-06-29 19:09:54,b'@Ecto115 @Shreeveera Best fast food ever lol. Day 1 on GP.\nAvowed\nContraband\nEverwild\nFable\nForza Horizon 5\nForza M\xe2\x80\xa6 https://t.co/OqAmN6w9Zd',b'DausenMoore',b'',,,90,42,1,0,[]
1409951320702783488,2021-06-29 19:06:05,b'I wonder if service tags will still be a thing in Halo Infinite to tell where your friends are on the map if they n\xe2\x80\xa6 https://t.co/Yz9Z0jQCid',b'LordPatriot445',"b'Oregon, USA'",,,5006,1119,1,0,[]
1409950528314822656,2021-06-29 19:02:56,b'@BigGreyDonut Also while every halo movie except for ce has bullet magnetism. 5 had way too much. The best part abo\xe2\x80\xa6 https://t.co/mMpqhsKbJI',b'MykeLindberg',b'',,,643,90,0,0,[]
1409949753115172867,2021-06-29 18:59:51,b'@BigGreyDonut To me halo np is having a well rounded sandbox. Sprinting can easily work in halo in the sand box. An\xe2\x80\xa6 https://t.co/SyXWIcBQsq',b'MykeLindberg',b'',,,643,90,0,0,[]
1409949105317634049,2021-06-29 18:57:16,b'@Wael71595751 @PlayStation @Housemarque Exactly!!!! Xbox is superior! WE GOT HALO INFINITE!!!!! Ima be like PEW PEW PEW PEW PEW!!!!',b'BestGamRnDaWrld',b'**Unsafe Zone** Come To Papi',,,2691,3029,0,0,[]
1409948706120646658,2021-06-29 18:55:41,"b'@tehseanw @HewMoran I want emotes in halo infinite, but good emotes not the shitty PUBG ones'",b'Palterchief',"b'Santiago, Chile'",,,556,41,1,0,[]
1409948414276632577,2021-06-29 18:54:32,"b'Last DLC is Master Chief. The Halo Infinite release this year and there being ""1 spot left"" is just too sus.'",b'Ouija_Pow',"b'Bellevue, WA'",,,364,45,0,0,[]
1409948033618378754,2021-06-29 18:53:01,b'@AidenRS139 I mean.. Halo Infinite is coming out this year.',b'Ouija_Pow',"b'Bellevue, WA'",,,364,45,1,0,[]
1409947582332297217,2021-06-29 18:51:13,"b'@BADASSfnGAMING And it\'s incredibly sad to see because the product is there and has survived MANY ""Destiny killers""\xe2\x80\xa6 https://t.co/b0TC18hxt5'",b'rich_drummerboy',b'',,,473,146,0,0,[]
1409947314320519181,2021-06-29 18:50:09,"b""@YNOT_B_RECKLESS @HCS It ain't over til the fat lady sings. Halo ain't just back nah its back in the ring. Its got\xe2\x80\xa6 https://t.co/h04lABJljQ""",b'LegendaryC4',b'TN',,,253,123,0,0,[]
1409946904843145224,2021-06-29 18:48:32,b'@EuropaHalo @HaloCreation Me when the store where I pre-ordered Halo Infinite will tell me that it is available',b'K1ngSn1p3',b'France',,,116,35,0,0,[]
1409946657920372740,2021-06-29 18:47:33,b'@HFan0117 Like halo infinite .....',b'dant3_spardason',b'',,,259,90,1,0,[]
1409946625125060611,2021-06-29 18:47:25,b'Halo Infinite release date: Now now now now come out now please come out now pleaaseeeeeee',b'noah_retro',b'he/him',,,150,65,2,0,[]
1409946537686355968,2021-06-29 18:47:04,b'@Splicer_68 @Polygon But... Halo Infinite has not shut down... and launches this fall?',b'DeadlyCyclone',b'The Cyclone State - IOWA',,,1188,660,10,0,[]
1409946255401406473,2021-06-29 18:45:57,b'@Polygon Sounds alot like Halo Infinite',b'Splicer_68',b'',,,51,1,1,0,[]
1409946190590865411,2021-06-29 18:45:42,b'@Optimus_Code @joedudemanguy @Jaws_16 @G27Status DAY ONE on Game Pass.\n\nAvowed\nContraband\nEverwild\nFable\nFlight Sim\xe2\x80\xa6 https://t.co/RmPFQKfv9I',b'DausenMoore',b'',,,90,42,0,0,[]
1409945563341197316,2021-06-29 18:43:12,b'I love how the entire Halo community just all collectively agreed that Infinite is good',b'zenergyy_',b'',,,324,48,1,0,[]
1409945499310960647,2021-06-29 18:42:57,b'@haveyouseen01 1. FH5 \n2. Halo infinite \n3. Battlefield 2042\n4. Back 4 blood \n5. Far cry 6',b'IsaiahLashley4',"b'Carson, CA'",,,359,214,0,0,[]
1409944318828285953,2021-06-29 18:38:15,b'@TrollingBag Halo infinite will release sooner than Spider-Man in the avengers game',b'itsHONESTLY_',b'sub to my youtube',,,937,604,3,0,[]
1409943767709331468,2021-06-29 18:36:04,"b'Phil Spencer: Halo Infinite developers are ""very committed"" to the Holiday launch plans\n\nhttps://t.co/JHr9wALmKe https://t.co/31LUG4aU6y'",b'ezdlc',b'',,,0,846,0,0,[]
1409943729478193156,2021-06-29 18:35:55,b'Whoa @JVBetaPhotos @theRealJayDub2 @Puertorock77_ have y\xe2\x80\x99all seen this and it\xe2\x80\x99s real https://t.co/knmcMUwcQa https://t.co/8LexSKMrYb',b'Papa_Doc78',"b'Greensboro, NC'",,,397,523,0,0,[]
1409943408618086400,2021-06-29 18:34:38,"b""holy fuck i can't believe it didn't click until now that i just had a whole ass nightmare about halo infinite being bad""",b'reconditeDemon',b'love matsuri and rushia',,,737,309,0,0,[]
1409943318281310215,2021-06-29 18:34:17,b'@343Postums You think well be able to obtain a double barreld shotgun in halo infinite?',b'gangstachariza1',b'',,,14,1,0,0,[]
1409942298629226499,2021-06-29 18:30:14,"b'Damn Halo Reach BTB Heavies is sprawling with cheaters. Invisible dudes on Tempest, Rasu, Spire.\n\nWtf is this?\n\nAre\xe2\x80\xa6 https://t.co/rIEDYbaYuM'",b'CATpt93',"b'Porto, Portugal \xf0\x9f\x87\xb5\xf0\x9f\x87\xb9'",,,1116,1424,5,0,[]
1409942246821023744,2021-06-29 18:30:01,b'Halo : Infinite Evolution https://t.co/QPifueQBBe',b'sammuNaos',b'm\xc3\xa9xico',,,1074,534,0,0,[]
1409941983821500416,2021-06-29 18:28:59,b'@MaybeScott_TV Can\xe2\x80\x99t wait for Halo Infinite and Battlefield to NOT be broken in a new way every week',b'SNOOCHIoBOOCHI',b'United States',,,361,269,1,0,[]
1409941655646617603,2021-06-29 18:27:40,b'@Halo infinite should allow your Spartan to have its own customizable AI that can show up on the HUD and have voicelines for various medals',b'quipen248',"b'Kingwood, Houston'",,,98,52,0,0,[]
1409941179068788737,2021-06-29 18:25:47,"b""@haveyouseen01 Great list! Here's mine:\n\n1. Twelve Minutes\n2. Halo infinite\n3. The Gunk\n4. Dying Light 2\n5. Kena\n\nI\xe2\x80\xa6 https://t.co/6QRSZpkg4G""",b'whatsoutwhen',b'',,,92,24,1,0,[]
1409941139524886541,2021-06-29 18:25:37,b'Halo Infinite with a skull that makes the game have this cel-shaded style would make me a very happy person https://t.co/zBJG3yvM67',b'LLTR2003',b'',,,457,24,1,0,[]
1409940890555138049,2021-06-29 18:24:38,"b'@UberNick_ A weapon i would love to see in Halo Infinite is a human melee type weapon, we have Brute Gravity Hammer\xe2\x80\xa6 https://t.co/TTB68uzlC8'",b'Baytuh',"b'Spring, Texas'",,,708,451,0,0,[]
1409940576376655876,2021-06-29 18:23:23,b'If I were to do a full marathon on Twitch of every single Halo campaign in MCC leading up to the launch of Infinite\xe2\x80\xa6 https://t.co/Q82Jj6MGdj',b'GolldenFalcon',b'',,,1685,220,0,0,[]
1409939745761906688,2021-06-29 18:20:05,b'@haveyouseen01 1. Halo Infinite Campaign and Multi\n2. Flight Simulator\n3. The Ascent\n4. Sherlock Holmes Chapter One\n5. Psychonauts 2',b'Trena400',"b'Alicante, Espa\xc3\xb1a'",,,943,346,2,0,[]
1409939029148143618,2021-06-29 18:17:14,"b'@crisperstorm @Kilo3Rosee Fair to be sure, though I believe the same principle applies, at least in spirit. Halo 5\xe2\x80\xa6 https://t.co/qIcTucKaX7'",b'BlaineTheThird',"b'Portland, OR'",,,554,59,0,0,[]
